Threads, n, iteration, time
1, 100, 0, 23
2, 100, 0, 513
3, 100, 0, 390
4, 100, 0, 205
6, 100, 0, 4708
8, 100, 0, 32721
1, 500, 0, 231
2, 500, 0, 614
3, 500, 0, 1492
4, 500, 0, 567
6, 500, 0, 529
8, 500, 0, 3322
1, 1000, 0, 750
2, 1000, 0, 2874
3, 1000, 0, 1381
4, 1000, 0, 1238
6, 1000, 0, 1322
8, 1000, 0, 37177
1, 2000, 0, 2378
2, 2000, 0, 4174
3, 2000, 0, 3312
4, 2000, 0, 3320
6, 2000, 0, 3310
8, 2000, 0, 3359
1, 5000, 0, 13601
2, 5000, 0, 19900
3, 5000, 0, 20774
4, 5000, 0, 24126
6, 5000, 0, 14131
8, 5000, 0, 14672
1, 10000, 0, 54059
2, 10000, 0, 91119
3, 10000, 0, 91306
4, 10000, 0, 67485
6, 10000, 0, 69504
8, 10000, 0, 108856
1, 100, 1, 7
2, 100, 1, 80
3, 100, 1, 348
4, 100, 1, 138
6, 100, 1, 199
8, 100, 1, 133
1, 500, 1, 202
2, 500, 1, 811
3, 500, 1, 1736
4, 500, 1, 685
6, 500, 1, 1182
8, 500, 1, 1621
1, 1000, 1, 814
2, 1000, 1, 1498
3, 1000, 1, 3594
4, 1000, 1, 1372
6, 1000, 1, 1372
8, 1000, 1, 1657
1, 2000, 1, 2483
2, 2000, 1, 3929
3, 2000, 1, 3204
4, 2000, 1, 3339
6, 2000, 1, 4073
8, 2000, 1, 81652
1, 5000, 1, 18462
2, 5000, 1, 21472
3, 5000, 1, 16132
4, 5000, 1, 13769
6, 5000, 1, 14133
8, 5000, 1, 13881
1, 10000, 1, 57002
2, 10000, 1, 74843
3, 10000, 1, 59665
4, 10000, 1, 61380
6, 10000, 1, 48151
8, 10000, 1, 64804
1, 100, 2, 7
2, 100, 2, 70
3, 100, 2, 98
4, 100, 2, 82
6, 100, 2, 92
8, 100, 2, 96
1, 500, 2, 448
2, 500, 2, 540
3, 500, 2, 1044
4, 500, 2, 536
6, 500, 2, 527
8, 500, 2, 1432
1, 1000, 2, 816
2, 1000, 2, 1293
3, 1000, 2, 1252
4, 1000, 2, 1498
6, 1000, 2, 1948
8, 1000, 2, 48260
1, 2000, 2, 2348
2, 2000, 2, 3868
3, 2000, 2, 3311
4, 2000, 2, 3364
6, 2000, 2, 3216
8, 2000, 2, 3230
1, 5000, 2, 13923
2, 5000, 2, 20875
3, 5000, 2, 15675
4, 5000, 2, 13554
6, 5000, 2, 14221
8, 5000, 2, 14711
1, 10000, 2, 53544
2, 10000, 2, 80888
3, 10000, 2, 56538
4, 10000, 2, 57124
6, 10000, 2, 48456
8, 10000, 2, 46651
1, 100, 3, 5
2, 100, 3, 168
3, 100, 3, 90
4, 100, 3, 70
6, 100, 3, 90
8, 100, 3, 126
1, 500, 3, 230
2, 500, 3, 609
3, 500, 3, 541
4, 500, 3, 1004
6, 500, 3, 552
8, 500, 3, 538
1, 1000, 3, 2547
2, 1000, 3, 2849
3, 1000, 3, 1248
4, 1000, 3, 17038
6, 1000, 3, 2948
8, 1000, 3, 1400
1, 2000, 3, 2229
2, 2000, 3, 5326
3, 2000, 3, 3934
4, 2000, 3, 3518
6, 2000, 3, 3354
8, 2000, 3, 3302
1, 5000, 3, 14047
2, 5000, 3, 20661
3, 5000, 3, 15477
4, 5000, 3, 13256
6, 5000, 3, 14307
8, 5000, 3, 17127
1, 10000, 3, 56686
2, 10000, 3, 77504
3, 10000, 3, 56666
4, 10000, 3, 57683
6, 10000, 3, 47954
8, 10000, 3, 153999
1, 100, 4, 5
2, 100, 4, 186
3, 100, 4, 97
4, 100, 4, 73
6, 100, 4, 91
8, 100, 4, 141
1, 500, 4, 219
2, 500, 4, 652
3, 500, 4, 543
4, 500, 4, 597
6, 500, 4, 1240
8, 500, 4, 5604
1, 1000, 4, 2882
2, 1000, 4, 2600
3, 1000, 4, 1305
4, 1000, 4, 1322
6, 1000, 4, 1358
8, 1000, 4, 59703
1, 2000, 4, 4880
2, 2000, 4, 4163
3, 2000, 4, 3461
4, 2000, 4, 3088
6, 2000, 4, 3234
8, 2000, 4, 3325
1, 5000, 4, 13817
2, 5000, 4, 20463
3, 5000, 4, 21327
4, 5000, 4, 17256
6, 5000, 4, 14091
8, 5000, 4, 14236
1, 10000, 4, 53204
2, 10000, 4, 89957
3, 10000, 4, 56618
4, 10000, 4, 45862
6, 10000, 4, 52720
8, 10000, 4, 47748
1, 100, 5, 7
2, 100, 5, 77
3, 100, 5, 101
4, 100, 5, 96
6, 100, 5, 91
8, 100, 5, 135
1, 500, 5, 222
2, 500, 5, 526
3, 500, 5, 497
4, 500, 5, 535
6, 500, 5, 548
8, 500, 5, 840
1, 1000, 5, 2297
2, 1000, 5, 1377
3, 1000, 5, 2522
4, 1000, 5, 1316
6, 1000, 5, 1315
8, 1000, 5, 1839
1, 2000, 5, 2422
2, 2000, 5, 4108
3, 2000, 5, 3263
4, 2000, 5, 3040
6, 2000, 5, 3469
8, 2000, 5, 3289
1, 5000, 5, 13707
2, 5000, 5, 20662
3, 5000, 5, 15865
4, 5000, 5, 17128
6, 5000, 5, 14322
8, 5000, 5, 14669
1, 10000, 5, 53404
2, 10000, 5, 77808
3, 10000, 5, 68818
4, 10000, 5, 52592
6, 10000, 5, 48280
8, 10000, 5, 55558
1, 100, 6, 4
2, 100, 6, 175
3, 100, 6, 93
4, 100, 6, 70
6, 100, 6, 89
8, 100, 6, 418
1, 500, 6, 257
2, 500, 6, 631
3, 500, 6, 1270
4, 500, 6, 564
6, 500, 6, 602
8, 500, 6, 1616
1, 1000, 6, 699
2, 1000, 6, 1286
3, 1000, 6, 1364
4, 1000, 6, 1485
6, 1000, 6, 1381
8, 1000, 6, 2362
1, 2000, 6, 2526
2, 2000, 6, 3937
3, 2000, 6, 3276
4, 2000, 6, 2931
6, 2000, 6, 3356
8, 2000, 6, 3284
1, 5000, 6, 13607
2, 5000, 6, 20460
3, 5000, 6, 15691
4, 5000, 6, 17187
6, 5000, 6, 14240
8, 5000, 6, 18211
1, 10000, 6, 54256
2, 10000, 6, 85851
3, 10000, 6, 104806
4, 10000, 6, 73121
6, 10000, 6, 52961
8, 10000, 6, 212504
1, 100, 7, 5
2, 100, 7, 451
3, 100, 7, 224
4, 100, 7, 193
6, 100, 7, 219
8, 100, 7, 142
1, 500, 7, 202
2, 500, 7, 706
3, 500, 7, 686
4, 500, 7, 547
6, 500, 7, 537
8, 500, 7, 612
1, 1000, 7, 781
2, 1000, 7, 1330
3, 1000, 7, 1567
4, 1000, 7, 2734
6, 1000, 7, 2039
8, 1000, 7, 1360
1, 2000, 7, 2316
2, 2000, 7, 4018
3, 2000, 7, 3464
4, 2000, 7, 5722
6, 2000, 7, 3365
8, 2000, 7, 3197
1, 5000, 7, 13938
2, 5000, 7, 21364
3, 5000, 7, 17268
4, 5000, 7, 18396
6, 5000, 7, 15399
8, 5000, 7, 15731
1, 10000, 7, 74885
2, 10000, 7, 105260
3, 10000, 7, 75234
4, 10000, 7, 62680
6, 10000, 7, 56569
8, 10000, 7, 47524
1, 100, 8, 7
2, 100, 8, 66
3, 100, 8, 96
4, 100, 8, 96
6, 100, 8, 89
8, 100, 8, 97
1, 500, 8, 862
2, 500, 8, 507
3, 500, 8, 482
4, 500, 8, 662
6, 500, 8, 515
8, 500, 8, 43852
1, 1000, 8, 4327
2, 1000, 8, 3109
3, 1000, 8, 1213
4, 1000, 8, 1437
6, 1000, 8, 3110
8, 1000, 8, 1629
1, 2000, 8, 2186
2, 2000, 8, 3894
3, 2000, 8, 3308
4, 2000, 8, 3139
6, 2000, 8, 3146
8, 2000, 8, 3283
1, 5000, 8, 13353
2, 5000, 8, 20478
3, 5000, 8, 15780
4, 5000, 8, 17272
6, 5000, 8, 14444
8, 5000, 8, 46863
1, 10000, 8, 54501
2, 10000, 8, 79670
3, 10000, 8, 68398
4, 10000, 8, 53222
6, 10000, 8, 62546
8, 10000, 8, 105234
1, 100, 9, 5
2, 100, 9, 163
3, 100, 9, 87
4, 100, 9, 68
6, 100, 9, 90
8, 100, 9, 127
1, 500, 9, 201
2, 500, 9, 1580
3, 500, 9, 710
4, 500, 9, 611
6, 500, 9, 2668
8, 500, 9, 31466
1, 1000, 9, 893
2, 1000, 9, 4091
3, 1000, 9, 1345
4, 1000, 9, 1255
6, 1000, 9, 5123
8, 1000, 9, 1332
1, 2000, 9, 2347
2, 2000, 9, 4170
3, 2000, 9, 3568
4, 2000, 9, 3491
6, 2000, 9, 4266
8, 2000, 9, 4681
1, 5000, 9, 14589
2, 5000, 9, 21385
3, 5000, 9, 15455
4, 5000, 9, 19491
6, 5000, 9, 14563
8, 5000, 9, 18281
1, 10000, 9, 62285
2, 10000, 9, 75348
3, 10000, 9, 81704
4, 10000, 9, 54375
6, 10000, 9, 54701
8, 10000, 9, 54835
